agartala,agartala,0
agartala,agra,2516
agartala,ahmedabad,3255
agartala,allahabad,2033
agartala,amritsar,3101
agartala,asansol,2026
agartala,bangalore,3227
agartala,baroda,3213
agartala,bhopal,2647
agartala,bhubaneshwar,2236
agartala,bombay,3371
agartala,calcutta,1813
agartala,calicut,3363
agartala,chandigarh,2887
agartala,cochin,3585
agartala,coimbatore,3560
agartala,delhi,2656
agartala,gwalior,2440
agartala,hubli,2977
agartala,hyderabad,3100
agartala,imphal,3165
agartala,indore,2836
agartala,jabalpur,2367
agartala,jaipur,2743
agartala,jamshedpur,2081
agartala,jullundur,3031
agartala,kanpur,2226
agartala,kolhapur,3041
agartala,lucknow,2197
agartala,ludhiana,2966
agartala,madras,3443
agartala,madurai,3659
agartala,meerut,2565
agartala,nagpur,2624
agartala,nasik,3250
agartala,panjim,2787
agartala,patna,1631
agartala,pondicherry,3526
agartala,pune,3288
agartala,ranchi,1933
agartala,shillong,2650
agartala,shimla,2856
agartala,surat,3373
agartala,trivandrum,3579
agartala,varanasi,1911
agartala,vijayawada,3011
agartala,vishakapatnam,2681
agra,agartala,2516
agra,agra,0
agra,ahmedabad,828
agra,allahabad,433
agra,amritsar,595
agra,asansol,1029
agra,bangalore,1759
agra,baroda,920
agra,bhopal,732
agra,bhubaneshwar,1523
agra,bombay,1130
agra,calcutta,1250
agra,calicut,2106
agra,chandigarh,398
agra,cochin,2228
agra,coimbatore,2092
agra,delhi,150
agra,gwalior,465
agra,hubli,1240
agra,hyderabad,1196
agra,imphal,2369
agra,indore,541
agra,jabalpur,783
agra,jaipur,180
agra,jamshedpur,1107
agra,jullundur,525
agra,kanpur,240
agra,kolhapur,1411
agra,lucknow,319
agra,ludhiana,460
agra,madras,1894
agra,madurai,2191
agra,meerut,216
agra,nagpur,720
agra,nasik,955
agra,panjim,1656
agra,patna,835
agra,pondicherry,2060
agra,pune,1164
agra,ranchi,963
agra,shillong,1854
agra,shimla,497
agra,surat,1091
agra,trivandrum,2100
agra,varanasi,555
agra,vijayawada,1462
agra,vishakapatnam,1630
ahmedabad,agartala,3255
ahmedabad,agra,828
ahmedabad,ahmedabad,0
ahmedabad,allahabad,1195
ahmedabad,amritsar,1304
ahmedabad,asansol,1669
ahmedabad,bangalore,1345
ahmedabad,baroda,69
ahmedabad,bhopal,473
ahmedabad,bhubaneshwar,1597
ahmedabad,bombay,502
ahmedabad,calcutta,1443
ahmedabad,calicut,1598
ahmedabad,chandigarh,1105
ahmedabad,cochin,1795
ahmedabad,coimbatore,1619
ahmedabad,delhi,861
ahmedabad,gwalior,869
ahmedabad,hubli,1051
ahmedabad,hyderabad,1159
ahmedabad,imphal,3131
ahmedabad,indore,392
ahmedabad,jabalpur,851
ahmedabad,jaipur,598
ahmedabad,jamshedpur,1175
ahmedabad,jullundur,1235
ahmedabad,kanpur,1081
ahmedabad,kolhapur,861
ahmedabad,lucknow,1160
ahmedabad,ludhiana,1168
ahmedabad,madras,1676
ahmedabad,madurai,1777
ahmedabad,meerut,925
ahmedabad,nagpur,837
ahmedabad,nasik,454
ahmedabad,panjim,1086
ahmedabad,patna,1597
ahmedabad,pondicherry,1673
ahmedabad,pune,614
ahmedabad,ranchi,1725
ahmedabad,shillong,2468
ahmedabad,shimla,1204
ahmedabad,surat,213
ahmedabad,trivandrum,1878
ahmedabad,varanasi,1317
ahmedabad,vijayawada,1428
ahmedabad,vishakapatnam,1747
allahabad,agartala,2033
allahabad,agra,433
allahabad,ahmedabad,1195
allahabad,allahabad,0
allahabad,amritsar,1043
allahabad,asansol,747
allahabad,bangalore,1355
allahabad,baroda,1132
allahabad,bhopal,728
allahabad,bhubaneshwar,1040
allahabad,bombay,1302
allahabad,calcutta,767
allahabad,calicut,1593
allahabad,chandigarh,804
allahabad,cochin,1557
allahabad,coimbatore,1437
allahabad,delhi,600
allahabad,gwalior,423
allahabad,hubli,1520
allahabad,hyderabad,1034
allahabad,imphal,1886
allahabad,indore,753
allahabad,jabalpur,686
allahabad,jaipur,660
allahabad,jamshedpur,825
allahabad,jullundur,958
allahabad,kanpur,143
allahabad,kolhapur,1561
allahabad,lucknow,184
allahabad,ludhiana,909
allahabad,madras,1195
allahabad,madurai,1360
allahabad,meerut,637
allahabad,nagpur,558
allahabad,nasik,1105
allahabad,panjim,1369
allahabad,patna,352
allahabad,pondicherry,1027
allahabad,pune,1314
allahabad,ranchi,654
allahabad,shillong,1371
allahabad,shimla,843
allahabad,surat,1307
allahabad,trivandrum,1649
allahabad,varanasi,458
allahabad,vijayawada,1300
allahabad,vishakapatnam,1468
amritsar,agartala,3101
amritsar,agra,595
amritsar,ahmedabad,1304
amritsar,allahabad,1043
amritsar,amritsar,0
amritsar,asansol,1639
amritsar,bangalore,2385
amritsar,baroda,1370
amritsar,bhopal,1137
amritsar,bhubaneshwar,2108
amritsar,bombay,1650
amritsar,calcutta,1835
amritsar,calicut,2376
amritsar,chandigarh,189
amritsar,cochin,2154
amritsar,coimbatore,2349
amritsar,delhi,395
amritsar,gwalior,651
amritsar,hubli,1716
amritsar,hyderabad,1842
amritsar,imphal,2954
amritsar,indore,1061
amritsar,jabalpur,1195
amritsar,jaipur,656
amritsar,jamshedpur,1717
amritsar,jullundur,343
amritsar,kanpur,850
amritsar,kolhapur,1931
amritsar,lucknow,889
amritsar,ludhiana,294
amritsar,madras,2540
amritsar,madurai,2480
amritsar,meerut,461
amritsar,nagpur,1366
amritsar,nasik,1475
amritsar,panjim,2176
amritsar,patna,1420
amritsar,pondicherry,2684
amritsar,pune,1684
amritsar,ranchi,1573
amritsar,shillong,2439
amritsar,shimla,288
amritsar,surat,1514
amritsar,trivandrum,2345
amritsar,varanasi,1140
amritsar,vijayawada,2108
amritsar,vishakapatnam,2276
asansol,agartala,2026
asansol,agra,1029
asansol,ahmedabad,1669
asansol,allahabad,747
asansol,amritsar,1639
asansol,asansol,0
asansol,bangalore,1590
asansol,baroda,1723
asansol,bhopal,1324
asansol,bhubaneshwar,473
asansol,bombay,1734
asansol,calcutta,176
asansol,calicut,1726
asansol,chandigarh,1400
asansol,cochin,1948
asansol,coimbatore,1923
asansol,delhi,1212
asansol,gwalior,1019
asansol,hubli,1340
asansol,hyderabad,1517
asansol,imphal,1879
asansol,indore,1344
asansol,jabalpur,1081
asansol,jaipur,1254
asansol,jamshedpur,444
asansol,jullundur,1554
asansol,kanpur,739
asansol,kolhapur,1404
asansol,lucknow,775
asansol,ludhiana,1505
asansol,madras,1680
asansol,madurai,2022
asansol,meerut,1228
asansol,nagpur,1072
asansol,nasik,1696
asansol,panjim,1150
asansol,patna,345
asansol,pondicherry,1846
asansol,pune,1651
asansol,ranchi,590
asansol,shillong,1364
asansol,shimla,1434
asansol,surat,1821
asansol,trivandrum,1942
asansol,varanasi,625
asansol,vijayawada,1248
asansol,vishakapatnam,918
bangalore,agartala,3227
bangalore,agra,1759
bangalore,ahmedabad,1345
bangalore,allahabad,1355
bangalore,amritsar,2385
bangalore,asansol,1590
bangalore,bangalore,0
bangalore,baroda,1293
bangalore,bhopal,1098
bangalore,bhubaneshwar,1362
bangalore,bombay,860
bangalore,calcutta,1364
bangalore,calicut,470
bangalore,chandigarh,2146
bangalore,cochin,462
bangalore,coimbatore,283
bangalore,delhi,1960
bangalore,gwalior,1645
bangalore,hubli,341
bangalore,hyderabad,513
bangalore,imphal,3081
bangalore,indore,1304
bangalore,jabalpur,1246
bangalore,jaipur,1709
bangalore,jamshedpur,1632
bangalore,jullundur,2300
bangalore,kanpur,1766
bangalore,kolhapur,434
bangalore,lucknow,1845
bangalore,ludhiana,2251
bangalore,madras,281
bangalore,madurai,382
bangalore,meerut,1983
bangalore,nagpur,989
bangalore,nasik,985
bangalore,panjim,390
bangalore,patna,1982
bangalore,pondicherry,278
bangalore,pune,776
bangalore,ranchi,1778
bangalore,shillong,1822
bangalore,shimla,2245
bangalore,surat,1161
bangalore,trivandrum,646
bangalore,varanasi,1702
bangalore,vijayawada,587
bangalore,vishakapatnam,1043
baroda,agartala,3213
baroda,agra,920
baroda,ahmedabad,69
baroda,allahabad,1132
baroda,amritsar,1370
baroda,asansol,1723
baroda,bangalore,1293
baroda,baroda,0
baroda,bhopal,520
baroda,bhubaneshwar,1554
baroda,bombay,383
baroda,calcutta,1562
baroda,calicut,1479
baroda,chandigarh,1131
baroda,cochin,1676
baroda,coimbatore,1500
baroda,delhi,980
baroda,gwalior,826
baroda,hubli,932
baroda,hyderabad,1040
baroda,imphal,3066
baroda,indore,329
baroda,jabalpur,970
baroda,jaipur,717
baroda,jamshedpur,1294
baroda,jullundur,1285
baroda,kanpur,1018
baroda,kolhapur,742
baroda,lucknow,1097
baroda,ludhiana,1236
baroda,madras,1624
baroda,madurai,1725
baroda,meerut,1044
baroda,nagpur,724
baroda,nasik,407
baroda,panjim,967
baroda,patna,1532
baroda,pondicherry,1621
baroda,pune,495
baroda,ranchi,1662
baroda,shillong,2349
baroda,shimla,1230
baroda,surat,332
baroda,trivandrum,1759
baroda,varanasi,1254
baroda,vijayawada,1309
baroda,vishakapatnam,1634
bhopal,agartala,2647
bhopal,agra,732
bhopal,ahmedabad,473
bhopal,allahabad,728
bhopal,amritsar,1137
bhopal,asansol,1324
bhopal,bangalore,1098
bhopal,baroda,520
bhopal,bhopal,0
bhopal,bhubaneshwar,1112
bhopal,bombay,728
bhopal,calcutta,1445
bhopal,calicut,1618
bhopal,chandigarh,938
bhopal,cochin,1610
bhopal,coimbatore,1431
bhopal,delhi,692
bhopal,gwalior,638
bhopal,hubli,1201
bhopal,hyderabad,758
bhopal,imphal,2500
bhopal,indore,141
bhopal,jabalpur,559
bhopal,jaipur,546
bhopal,jamshedpur,1402
bhopal,jullundur,1067
bhopal,kanpur,535
bhopal,kolhapur,1011
bhopal,lucknow,614
bhopal,ludhiana,1002
bhopal,madras,1429
bhopal,madurai,1530
bhopal,meerut,758
bhopal,nagpur,302
bhopal,nasik,555
bhopal,panjim,1093
bhopal,patna,966
bhopal,pondicherry,1426
bhopal,pune,764
bhopal,ranchi,1258
bhopal,shillong,1985
bhopal,shimla,1037
bhopal,surat,736
bhopal,trivandrum,1794
bhopal,varanasi,850
bhopal,vijayawada,1027
bhopal,vishakapatnam,1212
bhubaneshwar,agartala,2236
bhubaneshwar,agra,1523
bhubaneshwar,ahmedabad,1597
bhubaneshwar,allahabad,1040
bhubaneshwar,amritsar,2108
bhubaneshwar,asansol,473
bhubaneshwar,bangalore,1362
bhubaneshwar,baroda,1554
bhubaneshwar,bhopal,1112
bhubaneshwar,bhubaneshwar,0
bhubaneshwar,bombay,1628
bhubaneshwar,calcutta,373
bhubaneshwar,calicut,1872
bhubaneshwar,chandigarh,1894
bhubaneshwar,cochin,1778
bhubaneshwar,coimbatore,1583
bhubaneshwar,delhi,1663
bhubaneshwar,gwalior,1436
bhubaneshwar,hubli,1480
bhubaneshwar,hyderabad,994
bhubaneshwar,imphal,2089
bhubaneshwar,indore,1225
bhubaneshwar,jabalpur,1037
bhubaneshwar,jaipur,1630
bhubaneshwar,jamshedpur,372
bhubaneshwar,jullundur,2038
bhubaneshwar,kanpur,1233
bhubaneshwar,kolhapur,1572
bhubaneshwar,lucknow,1204
bhubaneshwar,ludhiana,1973
bhubaneshwar,madras,1157
bhubaneshwar,madurai,1637
bhubaneshwar,meerut,1657
bhubaneshwar,nagpur,780
bhubaneshwar,nasik,1466
bhubaneshwar,panjim,1347
bhubaneshwar,patna,812
bhubaneshwar,pondicherry,1323
bhubaneshwar,pune,1537
bhubaneshwar,ranchi,510
bhubaneshwar,shillong,1590
bhubaneshwar,shimla,1863
bhubaneshwar,surat,1529
bhubaneshwar,trivandrum,1903
bhubaneshwar,varanasi,918
bhubaneshwar,vijayawada,725
bhubaneshwar,vishakapatnam,395
bombay,agartala,3371
bombay,agra,1130
bombay,ahmedabad,502
bombay,allahabad,1302
bombay,amritsar,1650
bombay,asansol,1734
bombay,bangalore,860
bombay,baroda,383
bombay,bhopal,728
bombay,bhubaneshwar,1628
bombay,bombay,0
bombay,calcutta,1508
bombay,calicut,1110
bombay,chandigarh,1451
bombay,cochin,1310
bombay,coimbatore,1139
bombay,delhi,1207
bombay,gwalior,1035
bombay,hubli,564
bombay,hyderabad,679
bombay,imphal,3225
bombay,indore,539
bombay,jabalpur,1056
bombay,jaipur,944
bombay,jamshedpur,1727
bombay,jullundur,1582
bombay,kanpur,1228
bombay,kolhapur,376
bombay,lucknow,1307
bombay,ludhiana,1514
bombay,madras,1191
bombay,madurai,1292
bombay,meerut,1271
bombay,nagpur,799
bombay,nasik,147
bombay,panjim,534
bombay,patna,1744
bombay,pondicherry,1188
bombay,pune,134
bombay,ranchi,1757
bombay,shillong,1988
bombay,shimla,1550
bombay,surat,251
bombay,trivandrum,1326
bombay,varanasi,1464
bombay,vijayawada,923
bombay,vishakapatnam,1278
calcutta,agartala,1813
calcutta,agra,1250
calcutta,ahmedabad,1443
calcutta,allahabad,767
calcutta,amritsar,1835
calcutta,asansol,176
calcutta,bangalore,1364
calcutta,baroda,1562
calcutta,bhopal,1445
calcutta,bhubaneshwar,373
calcutta,bombay,1508
calcutta,calcutta,0
calcutta,calicut,1500
calcutta,chandigarh,1621
calcutta,cochin,1722
calcutta,coimbatore,1536
calcutta,delhi,1390
calcutta,gwalior,1174
calcutta,hubli,1114
calcutta,hyderabad,1417
calcutta,imphal,1667
calcutta,indore,1558
calcutta,jabalpur,1117
calcutta,jaipur,1477
calcutta,jamshedpur,218
calcutta,jullundur,1765
calcutta,kanpur,960
calcutta,kolhapur,1178
calcutta,lucknow,931
calcutta,ludhiana,1700
calcutta,madras,1110
calcutta,madurai,1590
calcutta,meerut,1384
calcutta,nagpur,1113
calcutta,nasik,1625
calcutta,panjim,924
calcutta,patna,571
calcutta,pondicherry,1278
calcutta,pune,1425
calcutta,ranchi,364
calcutta,shillong,1231
calcutta,shimla,1590
calcutta,surat,1706
calcutta,trivandrum,1716
calcutta,varanasi,645
calcutta,vijayawada,1148
calcutta,vishakapatnam,818
calicut,agartala,3363
calicut,agra,2106
calicut,ahmedabad,1598
calicut,allahabad,1593
calicut,amritsar,2376
calicut,asansol,1726
calicut,bangalore,470
calicut,baroda,1479
calicut,bhopal,1618
calicut,bhubaneshwar,1872
calicut,bombay,1110
calicut,calcutta,1500
calicut,calicut,0
calicut,chandigarh,2137
calicut,cochin,172
calicut,coimbatore,367
calicut,delhi,2225
calicut,gwalior,1992
calicut,hubli,716
calicut,hyderabad,860
calicut,imphal,3217
calicut,indore,1557
calicut,jabalpur,1593
calicut,jaipur,1962
calicut,jamshedpur,1768
calicut,jullundur,2291
calicut,kanpur,2113
calicut,kolhapur,780
calicut,lucknow,2192
calicut,ludhiana,2242
calicut,madras,665
calicut,madurai,498
calicut,meerut,2289
calicut,nagpur,1336
calicut,nasik,1143
calicut,panjim,526
calicut,patna,2121
calicut,pondicherry,516
calicut,pune,934
calicut,ranchi,1914
calicut,shillong,2169
calicut,shimla,2236
calicut,surat,1346
calicut,trivandrum,390
calicut,varanasi,2049
calicut,vijayawada,1097
calicut,vishakapatnam,1427
chandigarh,agartala,2887
chandigarh,agra,398
chandigarh,ahmedabad,1105
chandigarh,allahabad,804
chandigarh,amritsar,189
chandigarh,asansol,1400
chandigarh,bangalore,2146
chandigarh,baroda,1131
chandigarh,bhopal,938
chandigarh,bhubaneshwar,1894
chandigarh,bombay,1451
chandigarh,calcutta,1621
chandigarh,calicut,2137
chandigarh,chandigarh,0
chandigarh,cochin,1915
chandigarh,coimbatore,2110
chandigarh,delhi,198
chandigarh,gwalior,412
chandigarh,hubli,1517
chandigarh,hyderabad,1643
chandigarh,imphal,2740
chandigarh,indore,862
chandigarh,jabalpur,996
chandigarh,jaipur,457
chandigarh,jamshedpur,1478
chandigarh,jullundur,104
chandigarh,kanpur,611
chandigarh,kolhapur,1732
chandigarh,lucknow,690
chandigarh,ludhiana,55
chandigarh,madras,2341
chandigarh,madurai,2241
chandigarh,meerut,264
chandigarh,nagpur,1167
chandigarh,nasik,1276
chandigarh,panjim,1977
chandigarh,patna,1206
chandigarh,pondicherry,2445
chandigarh,pune,1485
chandigarh,ranchi,1334
chandigarh,shillong,2225
chandigarh,shimla,49
chandigarh,surat,1275
chandigarh,trivandrum,2133
chandigarh,varanasi,926
chandigarh,vijayawada,1909
chandigarh,vishakapatnam,2077
cochin,agartala,3585
cochin,agra,2228
cochin,ahmedabad,1795
cochin,allahabad,1557
cochin,amritsar,2154
cochin,asansol,1948
cochin,bangalore,462
cochin,baroda,1676
cochin,bhopal,1610
cochin,bhubaneshwar,1778
cochin,bombay,1310
cochin,calcutta,1722
cochin,calicut,172
cochin,chandigarh,1915
cochin,cochin,0
cochin,coimbatore,145
cochin,delhi,2118
cochin,gwalior,1831
cochin,hubli,724
cochin,hyderabad,1025
cochin,imphal,3439
cochin,indore,1754
cochin,jabalpur,1758
cochin,jaipur,2159
cochin,jamshedpur,1990
cochin,jullundur,2069
cochin,kanpur,2278
cochin,kolhapur,884
cochin,lucknow,2357
cochin,ludhiana,2020
cochin,madras,637
cochin,madurai,276
cochin,meerut,2184
cochin,nagpur,1501
cochin,nasik,1340
cochin,panjim,748
cochin,patna,2343
cochin,pondicherry,480
cochin,pune,1131
cochin,ranchi,2136
cochin,shillong,2334
cochin,shimla,2014
cochin,surat,1543
cochin,trivandrum,168
cochin,varanasi,2214
cochin,vijayawada,1069
cochin,vishakapatnam,1399
coimbatore,agartala,3560
coimbatore,agra,2092
coimbatore,ahmedabad,1619
coimbatore,allahabad,1437
coimbatore,amritsar,2349
coimbatore,asansol,1923
coimbatore,bangalore,283
coimbatore,baroda,1500
coimbatore,bhopal,1431
coimbatore,bhubaneshwar,1583
coimbatore,bombay,1139
coimbatore,calcutta,1536
coimbatore,calicut,367
coimbatore,chandigarh,2110
coimbatore,cochin,145
coimbatore,coimbatore,0
coimbatore,delhi,2246
coimbatore,gwalior,1978
coimbatore,hubli,674
coimbatore,hyderabad,846
coimbatore,imphal,3414
coimbatore,indore,1578
coimbatore,jabalpur,1579
coimbatore,jaipur,1983
coimbatore,jamshedpur,1965
coimbatore,jullundur,2264
coimbatore,kanpur,2099
coimbatore,kolhapur,767
coimbatore,lucknow,2178
coimbatore,ludhiana,2215
coimbatore,madras,376
coimbatore,madurai,471
coimbatore,meerut,2310
coimbatore,nagpur,1322
coimbatore,nasik,1164
coimbatore,panjim,723
coimbatore,patna,2315
coimbatore,pondicherry,360
coimbatore,pune,955
coimbatore,ranchi,2111
coimbatore,shillong,2155
coimbatore,shimla,2209
coimbatore,surat,1367
coimbatore,trivandrum,363
coimbatore,varanasi,2035
coimbatore,vijayawada,808
coimbatore,vishakapatnam,1138
delhi,agartala,2656
delhi,agra,150
delhi,ahmedabad,861
delhi,allahabad,600
delhi,amritsar,395
delhi,asansol,1212
delhi,bangalore,1960
delhi,baroda,980
delhi,bhopal,692
delhi,bhubaneshwar,1663
delhi,bombay,1207
delhi,calcutta,1390
delhi,calicut,2225
delhi,chandigarh,198
delhi,cochin,2118
delhi,coimbatore,2246
delhi,delhi,0
delhi,gwalior,265
delhi,hubli,1273
delhi,hyderabad,1397
delhi,imphal,2509
delhi,indore,618
delhi,jabalpur,750
delhi,jaipur,213
delhi,jamshedpur,1298
delhi,jullundur,325
delhi,kanpur,431
delhi,kolhapur,1488
delhi,lucknow,449
delhi,ludhiana,260
delhi,madras,2095
delhi,madurai,2392
delhi,meerut,16
delhi,nagpur,921
delhi,nasik,1032
delhi,panjim,1732
delhi,patna,975
delhi,pondicherry,2261
delhi,pune,1241
delhi,ranchi,1154
delhi,shillong,1994
delhi,shimla,297
delhi,surat,1124
delhi,trivandrum,1900
delhi,varanasi,695
delhi,vijayawada,1663
delhi,vishakapatnam,1831
gwalior,agartala,2440
gwalior,agra,465
gwalior,ahmedabad,869
gwalior,allahabad,423
gwalior,amritsar,651
gwalior,asansol,1019
gwalior,bangalore,1645
gwalior,baroda,826
gwalior,bhopal,638
gwalior,bhubaneshwar,1436
gwalior,bombay,1035
gwalior,calcutta,1174
gwalior,calicut,1992
gwalior,chandigarh,412
gwalior,cochin,1831
gwalior,coimbatore,1978
gwalior,delhi,265
gwalior,gwalior,0
gwalior,hubli,1361
gwalior,hyderabad,1082
gwalior,imphal,2293
gwalior,indore,447
gwalior,jabalpur,773
gwalior,jaipur,301
gwalior,jamshedpur,1097
gwalior,jullundur,566
gwalior,kanpur,230
gwalior,kolhapur,1297
gwalior,lucknow,309
gwalior,ludhiana,517
gwalior,madras,1780
gwalior,madurai,2077
gwalior,meerut,331
gwalior,nagpur,606
gwalior,nasik,841
gwalior,panjim,1417
gwalior,patna,759
gwalior,pondicherry,1946
gwalior,pune,1050
gwalior,ranchi,953
gwalior,shillong,1778
gwalior,shimla,511
gwalior,surat,1054
gwalior,trivandrum,2049
gwalior,varanasi,545
gwalior,vijayawada,1348
gwalior,vishakapatnam,1516
hubli,agartala,2977
hubli,agra,1240
hubli,ahmedabad,1051
hubli,allahabad,1520
hubli,amritsar,1716
hubli,asansol,1340
hubli,bangalore,341
hubli,baroda,932
hubli,bhopal,1201
hubli,bhubaneshwar,1480
hubli,bombay,564
hubli,calcutta,1114
hubli,calicut,716
hubli,chandigarh,1517
hubli,cochin,724
hubli,coimbatore,674
hubli,delhi,1273
hubli,gwalior,1361
hubli,hubli,0
hubli,hyderabad,436
hubli,imphal,2831
hubli,indore,1010
hubli,jabalpur,1169
hubli,jaipur,1010
hubli,jamshedpur,1382
hubli,jullundur,1648
hubli,kanpur,1527
hubli,kolhapur,394
hubli,lucknow,1606
hubli,ludhiana,1580
hubli,madras,633
hubli,madurai,773
hubli,meerut,1337
hubli,nagpur,912
hubli,nasik,596
hubli,panjim,140
hubli,patna,1735
hubli,pondicherry,603
hubli,pune,387
hubli,ranchi,1528
hubli,shillong,1745
hubli,shimla,1616
hubli,surat,799
hubli,trivandrum,932
hubli,varanasi,1625
hubli,vijayawada,705
hubli,vishakapatnam,1035
hyderabad,agartala,3100
hyderabad,agra,1196
hyderabad,ahmedabad,1159
hyderabad,allahabad,1034
hyderabad,amritsar,1842
hyderabad,asansol,1517
hyderabad,bangalore,513
hyderabad,baroda,1040
hyderabad,bhopal,758
hyderabad,bhubaneshwar,994
hyderabad,bombay,679
hyderabad,calcutta,1417
hyderabad,calicut,860
hyderabad,chandigarh,1643
hyderabad,cochin,1025
hyderabad,coimbatore,846
hyderabad,delhi,1397
hyderabad,gwalior,1082
hyderabad,hubli,436
hyderabad,hyderabad,0
hyderabad,imphal,2953
hyderabad,indore,871
hyderabad,jabalpur,683
hyderabad,jaipur,1276
hyderabad,jamshedpur,1416
hyderabad,jullundur,1771
hyderabad,kanpur,1203
hyderabad,kolhapur,528
hyderabad,lucknow,1282
hyderabad,ludhiana,1706
hyderabad,madras,649
hyderabad,madurai,945
hyderabad,meerut,1420
hyderabad,nagpur,426
hyderabad,nasik,704
hyderabad,panjim,715
hyderabad,patna,1419
hyderabad,pondicherry,815
hyderabad,pune,495
hyderabad,ranchi,1384
hyderabad,shillong,1259
hyderabad,shimla,1742
hyderabad,surat,907
hyderabad,trivandrum,1209
hyderabad,varanasi,1139
hyderabad,vijayawada,219
hyderabad,vishakapatnam,549
imphal,agartala,3165
imphal,agra,2369
imphal,ahmedabad,3131
imphal,allahabad,1886
imphal,amritsar,2954
imphal,asansol,1879
imphal,bangalore,3081
imphal,baroda,3066
imphal,bhopal,2500
imphal,bhubaneshwar,2089
imphal,bombay,3225
imphal,calcutta,1667
imphal,calicut,3217
imphal,chandigarh,2740
imphal,cochin,3439
imphal,coimbatore,3414
imphal,delhi,2509
imphal,gwalior,2293
imphal,hubli,2831
imphal,hyderabad,2953
imphal,imphal,0
imphal,indore,2689
imphal,jabalpur,2220
imphal,jaipur,2596
imphal,jamshedpur,1935
imphal,jullundur,2884
imphal,kanpur,2079
imphal,kolhapur,2895
imphal,lucknow,2050
imphal,ludhiana,2819
imphal,madras,3276
imphal,madurai,3513
imphal,meerut,2418
imphal,nagpur,2477
imphal,nasik,3103
imphal,panjim,2641
imphal,patna,1484
imphal,pondicherry,3380
imphal,pune,3142
imphal,ranchi,1786
imphal,shillong,2503
imphal,shimla,2709
imphal,surat,3226
imphal,trivandrum,3433
imphal,varanasi,1764
imphal,vijayawada,2864
imphal,vishakapatnam,2534
indore,agartala,2836
indore,agra,541
indore,ahmedabad,392
indore,allahabad,753
indore,amritsar,1061
indore,asansol,1344
indore,bangalore,1304
indore,baroda,329
indore,bhopal,141
indore,bhubaneshwar,1225
indore,bombay,539
indore,calcutta,1558
indore,calicut,1557
indore,chandigarh,862
indore,cochin,1754
indore,coimbatore,1578
indore,delhi,618
indore,gwalior,447
indore,hubli,1010
indore,hyderabad,871
indore,imphal,2689
indore,indore,0
indore,jabalpur,652
indore,jaipur,355
indore,jamshedpur,1427
indore,jullundur,993
indore,kanpur,639
indore,kolhapur,820
indore,lucknow,718
indore,ludhiana,925
indore,madras,1569
indore,madurai,1736
indore,meerut,682
indore,nagpur,395
indore,nasik,364
indore,panjim,1065
indore,patna,1155
indore,pondicherry,1632
indore,pune,573
indore,ranchi,1283
indore,shillong,2174
indore,shimla,961
indore,surat,557
indore,trivandrum,1857
indore,varanasi,875
indore,vijayawada,1137
indore,vishakapatnam,1305
jabalpur,agartala,2367
jabalpur,agra,783
jabalpur,ahmedabad,851
jabalpur,allahabad,686
jabalpur,amritsar,1195
jabalpur,asansol,1081
jabalpur,bangalore,1246
jabalpur,baroda,970
jabalpur,bhopal,559
jabalpur,bhubaneshwar,1037
jabalpur,bombay,1056
jabalpur,calcutta,1117
jabalpur,calicut,1593
jabalpur,chandigarh,996
jabalpur,cochin,1758
jabalpur,coimbatore,1579
jabalpur,delhi,750
jabalpur,gwalior,773
jabalpur,hubli,1169
jabalpur,hyderabad,683
jabalpur,imphal,2220
jabalpur,indore,652
jabalpur,jabalpur,0
jabalpur,jaipur,795
jabalpur,jamshedpur,1159
jabalpur,jullundur,1125
jabalpur,kanpur,493
jabalpur,kolhapur,1200
jabalpur,lucknow,534
jabalpur,ludhiana,1060
jabalpur,madras,1381
jabalpur,madurai,1678
jabalpur,meerut,816
jabalpur,nagpur,207
jabalpur,nasik,893
jabalpur,panjim,1038
jabalpur,patna,686
jabalpur,pondicherry,1547
jabalpur,pune,953
jabalpur,ranchi,988
jabalpur,shillong,1705
jabalpur,shimla,1095
jabalpur,surat,956
jabalpur,trivandrum,1830
jabalpur,varanasi,808
jabalpur,vijayawada,949
jabalpur,vishakapatnam,1117
jaipur,agartala,2743
jaipur,agra,180
jaipur,ahmedabad,598
jaipur,allahabad,660
jaipur,amritsar,656
jaipur,asansol,1254
jaipur,bangalore,1709
jaipur,baroda,717
jaipur,bhopal,546
jaipur,bhubaneshwar,1630
jaipur,bombay,944
jaipur,calcutta,1477
jaipur,calicut,1962
jaipur,chandigarh,457
jaipur,cochin,2159
jaipur,coimbatore,1983
jaipur,delhi,213
jaipur,gwalior,301
jaipur,hubli,1010
jaipur,hyderabad,1276
jaipur,imphal,2596
jaipur,indore,355
jaipur,jabalpur,795
jaipur,jaipur,0
jaipur,jamshedpur,1334
jaipur,jullundur,588
jaipur,kanpur,467
jaipur,kolhapur,1225
jaipur,lucknow,546
jaipur,ludhiana,520
jaipur,madras,1974
jaipur,madurai,2141
jaipur,meerut,277
jaipur,nagpur,800
jaipur,nasik,769
jaipur,panjim,1470
jaipur,patna,1062
jaipur,pondicherry,2037
jaipur,pune,978
jaipur,ranchi,1190
jaipur,shillong,2081
jaipur,shimla,556
jaipur,surat,861
jaipur,trivandrum,2163
jaipur,varanasi,782
jaipur,vijayawada,1542
jaipur,vishakapatnam,1710
jamshedpur,agartala,2081
jamshedpur,agra,1107
jamshedpur,ahmedabad,1175
jamshedpur,allahabad,825
jamshedpur,amritsar,1717
jamshedpur,asansol,444
jamshedpur,bangalore,1632
jamshedpur,baroda,1294
jamshedpur,bhopal,1402
jamshedpur,bhubaneshwar,372
jamshedpur,bombay,1727
jamshedpur,calcutta,218
jamshedpur,calicut,1768
jamshedpur,chandigarh,1478
jamshedpur,cochin,1990
jamshedpur,coimbatore,1965
jamshedpur,delhi,1298
jamshedpur,gwalior,1097
jamshedpur,hubli,1382
jamshedpur,hyderabad,1416
jamshedpur,imphal,1935
jamshedpur,indore,1427
jamshedpur,jabalpur,1159
jamshedpur,jaipur,1334
jamshedpur,jamshedpur,0
jamshedpur,jullundur,1632
jamshedpur,kanpur,817
jamshedpur,kolhapur,1446
jamshedpur,lucknow,896
jamshedpur,ludhiana,1583
jamshedpur,madras,1579
jamshedpur,madurai,2059
jamshedpur,meerut,1349
jamshedpur,nagpur,1052
jamshedpur,nasik,1679
jamshedpur,panjim,1192
jamshedpur,patna,423
jamshedpur,pondicherry,1745
jamshedpur,pune,1693
jamshedpur,ranchi,632
jamshedpur,shillong,1442
jamshedpur,shimla,1555
jamshedpur,surat,1438
jamshedpur,trivandrum,1984
jamshedpur,varanasi,703
jamshedpur,vijayawada,1147
jamshedpur,vishakapatnam,817
jullundur,agartala,3031
jullundur,agra,525
jullundur,ahmedabad,1235
jullundur,allahabad,958
jullundur,amritsar,343
jullundur,asansol,1554
jullundur,bangalore,2300
jullundur,baroda,1285
jullundur,bhopal,1067
jullundur,bhubaneshwar,2038
jullundur,bombay,1582
jullundur,calcutta,1765
jullundur,calicut,2291
jullundur,chandigarh,104
jullundur,cochin,2069
jullundur,coimbatore,2264
jullundur,delhi,325
jullundur,gwalior,566
jullundur,hubli,1648
jullundur,hyderabad,1771
jullundur,imphal,2884
jullundur,indore,993
jullundur,jabalpur,1125
jullundur,jaipur,588
jullundur,jamshedpur,1632
jullundur,jullundur,0
jullundur,kanpur,765
jullundur,kolhapur,1863
jullundur,lucknow,818
jullundur,ludhiana,209
jullundur,madras,2470
jullundur,madurai,2395
jullundur,meerut,391
jullundur,nagpur,1296
jullundur,nasik,1407
jullundur,panjim,2096
jullundur,patna,1350
jullundur,pondicherry,2599
jullundur,pune,1616
jullundur,ranchi,1488
jullundur,shillong,2369
jullundur,shimla,203
jullundur,surat,1429
jullundur,trivandrum,2275
jullundur,varanasi,1070
jullundur,vijayawada,2038
jullundur,vishakapatnam,2206
kanpur,agartala,2226
kanpur,agra,240
kanpur,ahmedabad,1081
kanpur,allahabad,143
kanpur,amritsar,850
kanpur,asansol,739
kanpur,bangalore,1766
kanpur,baroda,1018
kanpur,bhopal,535
kanpur,bhubaneshwar,1233
kanpur,bombay,1228
kanpur,calcutta,960
kanpur,calicut,2113
kanpur,chandigarh,611
kanpur,cochin,2278
kanpur,coimbatore,2099
kanpur,delhi,431
kanpur,gwalior,230
kanpur,hubli,1527
kanpur,hyderabad,1203
kanpur,imphal,2079
kanpur,indore,639
kanpur,jabalpur,493
kanpur,jaipur,467
kanpur,jamshedpur,817
kanpur,jullundur,765
kanpur,kanpur,0
kanpur,kolhapur,1509
kanpur,lucknow,29
kanpur,ludhiana,716
kanpur,madras,1901
kanpur,madurai,2198
kanpur,meerut,482
kanpur,nagpur,727
kanpur,nasik,1053
kanpur,panjim,1754
kanpur,patna,545
kanpur,pondicherry,2067
kanpur,pune,1262
kanpur,ranchi,673
kanpur,shillong,1564
kanpur,shimla,688
kanpur,surat,1246
kanpur,trivandrum,2381
kanpur,varanasi,265
kanpur,vijayawada,1469
kanpur,vishakapatnam,1637
kolhapur,agartala,3041
kolhapur,agra,1411
kolhapur,ahmedabad,861
kolhapur,allahabad,1561
kolhapur,amritsar,1931
kolhapur,asansol,1404
kolhapur,bangalore,434
kolhapur,baroda,742
kolhapur,bhopal,1011
kolhapur,bhubaneshwar,1572
kolhapur,bombay,376
kolhapur,calcutta,1178
kolhapur,calicut,780
kolhapur,chandigarh,1732
kolhapur,cochin,884
kolhapur,coimbatore,767
kolhapur,delhi,1488
kolhapur,gwalior,1297
kolhapur,hubli,394
kolhapur,hyderabad,528
kolhapur,imphal,2895
kolhapur,indore,820
kolhapur,jabalpur,1200
kolhapur,jaipur,1225
kolhapur,jamshedpur,1446
kolhapur,jullundur,1863
kolhapur,kanpur,1509
kolhapur,kolhapur,0
kolhapur,lucknow,1588
kolhapur,ludhiana,1795
kolhapur,madras,765
kolhapur,madurai,866
kolhapur,meerut,1552
kolhapur,nagpur,1000
kolhapur,nasik,406
kolhapur,panjim,204
kolhapur,patna,1799
kolhapur,pondicherry,762
kolhapur,pune,197
kolhapur,ranchi,1592
kolhapur,shillong,1837
kolhapur,shimla,1831
kolhapur,surat,609
kolhapur,trivandrum,996
kolhapur,varanasi,1656
kolhapur,vijayawada,797
kolhapur,vishakapatnam,1127
lucknow,agartala,2197
lucknow,agra,319
lucknow,ahmedabad,1160
lucknow,allahabad,184
lucknow,amritsar,889
lucknow,asansol,775
lucknow,bangalore,1845
lucknow,baroda,1097
lucknow,bhopal,614
lucknow,bhubaneshwar,1204
lucknow,bombay,1307
lucknow,calcutta,931
lucknow,calicut,2192
lucknow,chandigarh,690
lucknow,cochin,2357
lucknow,coimbatore,2178
lucknow,delhi,449
lucknow,gwalior,309
lucknow,hubli,1606
lucknow,hyderabad,1282
lucknow,imphal,2050
lucknow,indore,718
lucknow,jabalpur,534
lucknow,jaipur,546
lucknow,jamshedpur,896
lucknow,jullundur,818
lucknow,kanpur,29
lucknow,kolhapur,1588
lucknow,lucknow,0
lucknow,ludhiana,753
lucknow,madras,1980
lucknow,madurai,2277
lucknow,meerut,403
lucknow,nagpur,806
lucknow,nasik,1132
lucknow,panjim,1760
lucknow,patna,516
lucknow,pondicherry,2146
lucknow,pune,1341
lucknow,ranchi,752
lucknow,shillong,1535
lucknow,shimla,609
lucknow,surat,1325
lucknow,trivandrum,2399
lucknow,varanasi,236
lucknow,vijayawada,1548
lucknow,vishakapatnam,1649
ludhiana,agartala,2966
ludhiana,agra,460
ludhiana,ahmedabad,1168
ludhiana,allahabad,909
ludhiana,amritsar,294
ludhiana,asansol,1505
ludhiana,bangalore,2251
ludhiana,baroda,1236
ludhiana,bhopal,1002
ludhiana,bhubaneshwar,1973
ludhiana,bombay,1514
ludhiana,calcutta,1700
ludhiana,calicut,2242
ludhiana,chandigarh,55
ludhiana,cochin,2020
ludhiana,coimbatore,2215
ludhiana,delhi,260
ludhiana,gwalior,517
ludhiana,hubli,1580
ludhiana,hyderabad,1706
ludhiana,imphal,2819
ludhiana,indore,925
ludhiana,jabalpur,1060
ludhiana,jaipur,520
ludhiana,jamshedpur,1583
ludhiana,jullundur,209
ludhiana,kanpur,716
ludhiana,kolhapur,1795
ludhiana,lucknow,753
ludhiana,ludhiana,0
ludhiana,madras,2404
ludhiana,madurai,2346
ludhiana,meerut,326
ludhiana,nagpur,1230
ludhiana,nasik,1339
ludhiana,panjim,2040
ludhiana,patna,1285
ludhiana,pondicherry,2550
ludhiana,pune,1548
ludhiana,ranchi,1439
ludhiana,shillong,2304
ludhiana,shimla,154
ludhiana,surat,1380
ludhiana,trivandrum,2210
ludhiana,varanasi,1005
ludhiana,vijayawada,1972
ludhiana,vishakapatnam,2140
madras,agartala,3443
madras,agra,1894
madras,ahmedabad,1676
madras,allahabad,1195
madras,amritsar,2540
madras,asansol,1680
madras,bangalore,281
madras,baroda,1624
madras,bhopal,1429
madras,bhubaneshwar,1157
madras,bombay,1191
madras,calcutta,1110
madras,calicut,665
madras,chandigarh,2341
madras,cochin,637
madras,coimbatore,376
madras,delhi,2095
madras,gwalior,1780
madras,hubli,633
madras,hyderabad,649
madras,imphal,3276
madras,indore,1569
madras,jabalpur,1381
madras,jaipur,1974
madras,jamshedpur,1579
madras,jullundur,2470
madras,kanpur,1901
madras,kolhapur,765
madras,lucknow,1980
madras,ludhiana,2404
madras,madras,0
madras,madurai,430
madras,meerut,2118
madras,nagpur,1124
madras,nasik,1316
madras,panjim,721
madras,patna,2019
madras,pondicherry,118
madras,pune,1107
madras,ranchi,1717
madras,shillong,1958
madras,shimla,2440
madras,surat,1492
madras,trivandrum,698
madras,varanasi,1837
madras,vijayawada,382
madras,vishakapatnam,712
madurai,agartala,3659
madurai,agra,2191
madurai,ahmedabad,1777
madurai,allahabad,1360
madurai,amritsar,2480
madurai,asansol,2022
madurai,bangalore,382
madurai,baroda,1725
madurai,bhopal,1530
madurai,bhubaneshwar,1637
madurai,bombay,1292
madurai,calcutta,1590
madurai,calicut,498
madurai,chandigarh,2241
madurai,cochin,276
madurai,coimbatore,471
madurai,delhi,2392
madurai,gwalior,2077
madurai,hubli,773
madurai,hyderabad,945
madurai,imphal,3513
madurai,indore,1736
madurai,jabalpur,1678
madurai,jaipur,2141
madurai,jamshedpur,2059
madurai,jullundur,2395
madurai,kanpur,2198
madurai,kolhapur,866
madurai,lucknow,2277
madurai,ludhiana,2346
madurai,madras,430
madurai,madurai,0
madurai,meerut,2415
madurai,nagpur,1421
madurai,nasik,1397
madurai,panjim,822
madurai,patna,2414
madurai,pondicherry,283
madurai,pune,1188
madurai,ranchi,2197
madurai,shillong,2254
madurai,shimla,2340
madurai,surat,1593
madurai,trivandrum,494
madurai,varanasi,2134
madurai,vijayawada,862
madurai,vishakapatnam,1192
meerut,agartala,2565
meerut,agra,216
meerut,ahmedabad,925
meerut,allahabad,637
meerut,amritsar,461
meerut,asansol,1228
meerut,bangalore,1983
meerut,baroda,1044
meerut,bhopal,758
meerut,bhubaneshwar,1657
meerut,bombay,1271
meerut,calcutta,1384
meerut,calicut,2289
meerut,chandigarh,264
meerut,cochin,2184
meerut,coimbatore,2310
meerut,delhi,16
meerut,gwalior,331
meerut,hubli,1337
meerut,hyderabad,1420
meerut,imphal,2418
meerut,indore,682
meerut,jabalpur,816
meerut,jaipur,277
meerut,jamshedpur,1349
meerut,jullundur,391
meerut,kanpur,482
meerut,kolhapur,1552
meerut,lucknow,403
meerut,ludhiana,326
meerut,madras,2118
meerut,madurai,2415
meerut,meerut,0
meerut,nagpur,944
meerut,nasik,1096
meerut,panjim,1755
meerut,patna,884
meerut,pondicherry,2284
meerut,pune,1305
meerut,ranchi,1186
meerut,shillong,1903
meerut,shimla,363
meerut,surat,1188
meerut,trivandrum,1966
meerut,varanasi,689
meerut,vijayawada,1686
meerut,vishakapatnam,1854
nagpur,agartala,2624
nagpur,agra,720
nagpur,ahmedabad,837
nagpur,allahabad,558
nagpur,amritsar,1366
nagpur,asansol,1072
nagpur,bangalore,989
nagpur,baroda,724
nagpur,bhopal,302
nagpur,bhubaneshwar,780
nagpur,bombay,799
nagpur,calcutta,1113
nagpur,calicut,1336
nagpur,chandigarh,1167
nagpur,cochin,1501
nagpur,coimbatore,1322
nagpur,delhi,921
nagpur,gwalior,606
nagpur,hubli,912
nagpur,hyderabad,426
nagpur,imphal,2477
nagpur,indore,395
nagpur,jabalpur,207
nagpur,jaipur,800
nagpur,jamshedpur,1052
nagpur,jullundur,1296
nagpur,kanpur,727
nagpur,kolhapur,1000
nagpur,lucknow,806
nagpur,ludhiana,1230
nagpur,madras,1124
nagpur,madurai,1421
nagpur,meerut,944
nagpur,nagpur,0
nagpur,nasik,650
nagpur,panjim,1191
nagpur,patna,943
nagpur,pondicherry,1290
nagpur,pune,859
nagpur,ranchi,908
nagpur,shillong,1735
nagpur,shimla,1266
nagpur,surat,699
nagpur,trivandrum,1685
nagpur,varanasi,663
nagpur,vijayawada,692
nagpur,vishakapatnam,860
nasik,agartala,3250
nasik,agra,955
nasik,ahmedabad,454
nasik,allahabad,1105
nasik,amritsar,1475
nasik,asansol,1696
nasik,bangalore,985
nasik,baroda,407
nasik,bhopal,555
nasik,bhubaneshwar,1466
nasik,bombay,147
nasik,calcutta,1625
nasik,calicut,1143
nasik,chandigarh,1276
nasik,cochin,1340
nasik,coimbatore,1164
nasik,delhi,1032
nasik,gwalior,841
nasik,hubli,596
nasik,hyderabad,704
nasik,imphal,3103
nasik,indore,364
nasik,jabalpur,893
nasik,jaipur,769
nasik,jamshedpur,1679
nasik,jullundur,1407
nasik,kanpur,1053
nasik,kolhapur,406
nasik,lucknow,1132
nasik,ludhiana,1339
nasik,madras,1316
nasik,madurai,1397
nasik,meerut,1096
nasik,nagpur,650
nasik,nasik,0
nasik,panjim,651
nasik,patna,1569
nasik,pondicherry,1313
nasik,pune,159
nasik,ranchi,1565
nasik,shillong,2013
nasik,shimla,1375
nasik,surat,212
nasik,trivandrum,1443
nasik,varanasi,1289
nasik,vijayawada,973
nasik,vishakapatnam,1303
panjim,agartala,2787
panjim,agra,1656
panjim,ahmedabad,1086
panjim,allahabad,1369
panjim,amritsar,2176
panjim,asansol,1150
panjim,bangalore,390
panjim,baroda,967
panjim,bhopal,1093
panjim,bhubaneshwar,1347
panjim,bombay,534
panjim,calcutta,924
panjim,calicut,526
panjim,chandigarh,1977
panjim,cochin,748
panjim,coimbatore,723
panjim,delhi,1732
panjim,gwalior,1417
panjim,hubli,140
panjim,hyderabad,715
panjim,imphal,2641
panjim,indore,1065
panjim,jabalpur,1038
panjim,jaipur,1470
panjim,jamshedpur,1192
panjim,jullundur,2096
panjim,kanpur,1754
panjim,kolhapur,204
panjim,lucknow,1760
panjim,ludhiana,2040
panjim,madras,721
panjim,madurai,822
panjim,meerut,1755
panjim,nagpur,1191
panjim,nasik,651
panjim,panjim,0
panjim,patna,1545
panjim,pondicherry,689
panjim,pune,451
panjim,ranchi,1338
panjim,shillong,2024
panjim,shimla,2076
panjim,surat,835
panjim,trivandrum,742
panjim,varanasi,1474
panjim,vijayawada,826
panjim,vishakapatnam,1156
patna,agartala,1631
patna,agra,835
patna,ahmedabad,1597
patna,allahabad,352
patna,amritsar,1420
patna,asansol,345
patna,bangalore,1982
patna,baroda,1532
patna,bhopal,966
patna,bhubaneshwar,812
patna,bombay,1744
patna,calcutta,571
patna,calicut,2121
patna,chandigarh,1206
patna,cochin,2343
patna,coimbatore,2315
patna,delhi,975
patna,gwalior,759
patna,hubli,1735
patna,hyderabad,1419
patna,imphal,1484
patna,indore,1155
patna,jabalpur,686
patna,jaipur,1062
patna,jamshedpur,423
patna,jullundur,1350
patna,kanpur,545
patna,kolhapur,1799
patna,lucknow,516
patna,ludhiana,1285
patna,madras,2019
patna,madurai,2414
patna,meerut,884
patna,nagpur,943
patna,nasik,1569
patna,panjim,1545
patna,patna,0
patna,pondicherry,2185
patna,pune,1688
patna,ranchi,252
patna,shillong,969
patna,shimla,1175
patna,surat,1692
patna,trivandrum,2337
patna,varanasi,230
patna,vijayawada,1587
patna,vishakapatnam,1257
pondicherry,agartala,3526
pondicherry,agra,2060
pondicherry,ahmedabad,1673
pondicherry,allahabad,1027
pondicherry,amritsar,2684
pondicherry,asansol,1846
pondicherry,bangalore,278
pondicherry,baroda,1621
pondicherry,bhopal,1426
pondicherry,bhubaneshwar,1323
pondicherry,bombay,1188
pondicherry,calcutta,1278
pondicherry,calicut,516
pondicherry,chandigarh,2445
pondicherry,cochin,480
pondicherry,coimbatore,360
pondicherry,delhi,2261
pondicherry,gwalior,1946
pondicherry,hubli,603
pondicherry,hyderabad,815
pondicherry,imphal,3380
pondicherry,indore,1632
pondicherry,jabalpur,1547
pondicherry,jaipur,2037
pondicherry,jamshedpur,1745
pondicherry,jullundur,2599
pondicherry,kanpur,2067
pondicherry,kolhapur,762
pondicherry,lucknow,2146
pondicherry,ludhiana,2550
pondicherry,madras,118
pondicherry,madurai,283
pondicherry,meerut,2284
pondicherry,nagpur,1290
pondicherry,nasik,1313
pondicherry,panjim,689
pondicherry,patna,2185
pondicherry,pondicherry,0
pondicherry,pune,1104
pondicherry,ranchi,1883
pondicherry,shillong,2126
pondicherry,shimla,2544
pondicherry,surat,1489
pondicherry,trivandrum,572
pondicherry,varanasi,2003
pondicherry,vijayawada,548
pondicherry,vishakapatnam,880
pune,agartala,3288
pune,agra,1164
pune,ahmedabad,614
pune,allahabad,1314
pune,amritsar,1684
pune,asansol,1651
pune,bangalore,776
pune,baroda,495
pune,bhopal,764
pune,bhubaneshwar,1537
pune,bombay,134
pune,calcutta,1425
pune,calicut,934
pune,chandigarh,1485
pune,cochin,1131
pune,coimbatore,955
pune,delhi,1241
pune,gwalior,1050
pune,hubli,387
pune,hyderabad,495
pune,imphal,3142
pune,indore,573
pune,jabalpur,953
pune,jaipur,978
pune,jamshedpur,1693
pune,jullundur,1616
pune,kanpur,1262
pune,kolhapur,197
pune,lucknow,1341
pune,ludhiana,1548
pune,madras,1107
pune,madurai,1188
pune,meerut,1305
pune,nagpur,859
pune,nasik,159
pune,panjim,451
pune,patna,1688
pune,pondicherry,1104
pune,pune,0
pune,ranchi,1625
pune,shillong,1804
pune,shimla,1584
pune,surat,362
pune,trivandrum,1243
pune,varanasi,1409
pune,vijayawada,764
pune,vishakapatnam,1094
ranchi,agartala,1933
ranchi,agra,963
ranchi,ahmedabad,1725
ranchi,allahabad,654
ranchi,amritsar,1573
ranchi,asansol,590
ranchi,bangalore,1778
ranchi,baroda,1662
ranchi,bhopal,1258
ranchi,bhubaneshwar,510
ranchi,bombay,1757
ranchi,calcutta,364
ranchi,calicut,1914
ranchi,chandigarh,1334
ranchi,cochin,2136
ranchi,coimbatore,2111
ranchi,delhi,1154
ranchi,gwalior,953
ranchi,hubli,1528
ranchi,hyderabad,1384
ranchi,imphal,1786
ranchi,indore,1283
ranchi,jabalpur,988
ranchi,jaipur,1190
ranchi,jamshedpur,632
ranchi,jullundur,1488
ranchi,kanpur,673
ranchi,kolhapur,1592
ranchi,lucknow,752
ranchi,ludhiana,1439
ranchi,madras,1717
ranchi,madurai,2197
ranchi,meerut,1186
ranchi,nagpur,908
ranchi,nasik,1565
ranchi,panjim,1338
ranchi,patna,252
ranchi,pondicherry,1883
ranchi,pune,1625
ranchi,ranchi,0
ranchi,shillong,1271
ranchi,shimla,1411
ranchi,surat,1657
ranchi,trivandrum,2130
ranchi,varanasi,532
ranchi,vijayawada,1285
ranchi,vishakapatnam,955
shillong,agartala,2650
shillong,agra,1854
shillong,ahmedabad,2468
shillong,allahabad,1371
shillong,amritsar,2439
shillong,asansol,1364
shillong,bangalore,1822
shillong,baroda,2349
shillong,bhopal,1985
shillong,bhubaneshwar,1590
shillong,bombay,1988
shillong,calcutta,1231
shillong,calicut,2169
shillong,chandigarh,2225
shillong,cochin,2334
shillong,coimbatore,2155
shillong,delhi,1994
shillong,gwalior,1778
shillong,hubli,1745
shillong,hyderabad,1259
shillong,imphal,2503
shillong,indore,2174
shillong,jabalpur,1705
shillong,jaipur,2081
shillong,jamshedpur,1442
shillong,jullundur,2369
shillong,kanpur,1564
shillong,kolhapur,1837
shillong,lucknow,1535
shillong,ludhiana,2304
shillong,madras,1958
shillong,madurai,2254
shillong,meerut,1903
shillong,nagpur,1735
shillong,nasik,2013
shillong,panjim,2024
shillong,patna,969
shillong,pondicherry,2126
shillong,pune,1804
shillong,ranchi,1271
shillong,shillong,0
shillong,shimla,2194
shillong,surat,2216
shillong,trivandrum,2518
shillong,varanasi,1249
shillong,vijayawada,1528
shillong,vishakapatnam,1858
shimla,agartala,2856
shimla,agra,497
shimla,ahmedabad,1204
shimla,allahabad,843
shimla,amritsar,288
shimla,asansol,1434
shimla,bangalore,2245
shimla,baroda,1230
shimla,bhopal,1037
shimla,bhubaneshwar,1863
shimla,bombay,1550
shimla,calcutta,1590
shimla,calicut,2236
shimla,chandigarh,49
shimla,cochin,2014
shimla,coimbatore,2209
shimla,delhi,297
shimla,gwalior,511
shimla,hubli,1616
shimla,hyderabad,1742
shimla,imphal,2709
shimla,indore,961
shimla,jabalpur,1095
shimla,jaipur,556
shimla,jamshedpur,1555
shimla,jullundur,203
shimla,kanpur,688
shimla,kolhapur,1831
shimla,lucknow,609
shimla,ludhiana,154
shimla,madras,2440
shimla,madurai,2340
shimla,meerut,363
shimla,nagpur,1266
shimla,nasik,1375
shimla,panjim,2076
shimla,patna,1175
shimla,pondicherry,2544
shimla,pune,1584
shimla,ranchi,1411
shimla,shillong,2194
shimla,shimla,0
shimla,surat,1374
shimla,trivandrum,2232
shimla,varanasi,895
shimla,vijayawada,2008
shimla,vishakapatnam,2176
surat,agartala,3373
surat,agra,1091
surat,ahmedabad,213
surat,allahabad,1307
surat,amritsar,1514
surat,asansol,1821
surat,bangalore,1161
surat,baroda,332
surat,bhopal,736
surat,bhubaneshwar,1529
surat,bombay,251
surat,calcutta,1706
surat,calicut,1346
surat,chandigarh,1275
surat,cochin,1543
surat,coimbatore,1367
surat,delhi,1124
surat,gwalior,1054
surat,hubli,799
surat,hyderabad,907
surat,imphal,3226
surat,indore,557
surat,jabalpur,956
surat,jaipur,861
surat,jamshedpur,1438
surat,jullundur,1429
surat,kanpur,1246
surat,kolhapur,609
surat,lucknow,1325
surat,ludhiana,1380
surat,madras,1492
surat,madurai,1593
surat,meerut,1188
surat,nagpur,699
surat,nasik,212
surat,panjim,835
surat,patna,1692
surat,pondicherry,1489
surat,pune,362
surat,ranchi,1657
surat,shillong,2216
surat,shimla,1374
surat,surat,0
surat,trivandrum,1627
surat,varanasi,1412
surat,vijayawada,1176
surat,vishakapatnam,1506
trivandrum,agartala,3579
trivandrum,agra,2100
trivandrum,ahmedabad,1878
trivandrum,allahabad,1649
trivandrum,amritsar,2345
trivandrum,asansol,1942
trivandrum,bangalore,646
trivandrum,baroda,1759
trivandrum,bhopal,1794
trivandrum,bhubaneshwar,1903
trivandrum,bombay,1326
trivandrum,calcutta,1716
trivandrum,calicut,390
trivandrum,chandigarh,2133
trivandrum,cochin,168
trivandrum,coimbatore,363
trivandrum,delhi,1900
trivandrum,gwalior,2049
trivandrum,hubli,932
trivandrum,hyderabad,1209
trivandrum,imphal,3433
trivandrum,indore,1857
trivandrum,jabalpur,1830
trivandrum,jaipur,2163
trivandrum,jamshedpur,1984
trivandrum,jullundur,2275
trivandrum,kanpur,2381
trivandrum,kolhapur,996
trivandrum,lucknow,2399
trivandrum,ludhiana,2210
trivandrum,madras,698
trivandrum,madurai,494
trivandrum,meerut,1966
trivandrum,nagpur,1685
trivandrum,nasik,1443
trivandrum,panjim,742
trivandrum,patna,2337
trivandrum,pondicherry,572
trivandrum,pune,1243
trivandrum,ranchi,2130
trivandrum,shillong,2518
trivandrum,shimla,2232
trivandrum,surat,1627
trivandrum,trivandrum,0
trivandrum,varanasi,2266
trivandrum,vijayawada,1130
trivandrum,vishakapatnam,1460
varanasi,agartala,1911
varanasi,agra,555
varanasi,ahmedabad,1317
varanasi,allahabad,458
varanasi,amritsar,1140
varanasi,asansol,625
varanasi,bangalore,1702
varanasi,baroda,1254
varanasi,bhopal,850
varanasi,bhubaneshwar,918
varanasi,bombay,1464
varanasi,calcutta,645
varanasi,calicut,2049
varanasi,chandigarh,926
varanasi,cochin,2214
varanasi,coimbatore,2035
varanasi,delhi,695
varanasi,gwalior,545
varanasi,hubli,1625
varanasi,hyderabad,1139
varanasi,imphal,1764
varanasi,indore,875
varanasi,jabalpur,808
varanasi,jaipur,782
varanasi,jamshedpur,703
varanasi,jullundur,1070
varanasi,kanpur,265
varanasi,kolhapur,1656
varanasi,lucknow,236
varanasi,ludhiana,1005
varanasi,madras,1837
varanasi,madurai,2134
varanasi,meerut,689
varanasi,nagpur,663
varanasi,nasik,1289
varanasi,panjim,1474
varanasi,patna,230
varanasi,pondicherry,2003
varanasi,pune,1409
varanasi,ranchi,532
varanasi,shillong,1249
varanasi,shimla,895
varanasi,surat,1412
varanasi,trivandrum,2266
varanasi,varanasi,0
varanasi,vijayawada,1405
varanasi,vishakapatnam,1363
vijayawada,agartala,3011
vijayawada,agra,1462
vijayawada,ahmedabad,1428
vijayawada,allahabad,1300
vijayawada,amritsar,2108
vijayawada,asansol,1248
vijayawada,bangalore,587
vijayawada,baroda,1309
vijayawada,bhopal,1027
vijayawada,bhubaneshwar,725
vijayawada,bombay,923
vijayawada,calcutta,1148
vijayawada,calicut,1097
vijayawada,chandigarh,1909
vijayawada,cochin,1069
vijayawada,coimbatore,808
vijayawada,delhi,1663
vijayawada,gwalior,1348
vijayawada,hubli,705
vijayawada,hyderabad,219
vijayawada,imphal,2864
vijayawada,indore,1137
vijayawada,jabalpur,949
vijayawada,jaipur,1542
vijayawada,jamshedpur,1147
vijayawada,jullundur,2038
vijayawada,kanpur,1469
vijayawada,kolhapur,797
vijayawada,lucknow,1548
vijayawada,ludhiana,1972
vijayawada,madras,382
vijayawada,madurai,862
vijayawada,meerut,1686
vijayawada,nagpur,692
vijayawada,nasik,973
vijayawada,panjim,826
vijayawada,patna,1587
vijayawada,pondicherry,548
vijayawada,pune,764
vijayawada,ranchi,1285
vijayawada,shillong,1528
vijayawada,shimla,2008
vijayawada,surat,1176
vijayawada,trivandrum,1130
vijayawada,varanasi,1405
vijayawada,vijayawada,0
vijayawada,vishakapatnam,818
vishakapatnam,agartala,2681
vishakapatnam,agra,1630
vishakapatnam,ahmedabad,1747
vishakapatnam,allahabad,1468
vishakapatnam,amritsar,2276
vishakapatnam,asansol,918
vishakapatnam,bangalore,1043
vishakapatnam,baroda,1634
vishakapatnam,bhopal,1212
vishakapatnam,bhubaneshwar,395
vishakapatnam,bombay,1278
vishakapatnam,calcutta,818
vishakapatnam,calicut,1427
vishakapatnam,chandigarh,2077
vishakapatnam,cochin,1399
vishakapatnam,coimbatore,1138
vishakapatnam,delhi,1831
vishakapatnam,gwalior,1516
vishakapatnam,hubli,1035
vishakapatnam,hyderabad,549
vishakapatnam,imphal,2534
vishakapatnam,indore,1305
vishakapatnam,jabalpur,1117
vishakapatnam,jaipur,1710
vishakapatnam,jamshedpur,817
vishakapatnam,jullundur,2206
vishakapatnam,kanpur,1637
vishakapatnam,kolhapur,1127
vishakapatnam,lucknow,1649
vishakapatnam,ludhiana,2140
vishakapatnam,madras,712
vishakapatnam,madurai,1192
vishakapatnam,meerut,1854
vishakapatnam,nagpur,860
vishakapatnam,nasik,1303
vishakapatnam,panjim,1156
vishakapatnam,patna,1257
vishakapatnam,pondicherry,880
vishakapatnam,pune,1094
vishakapatnam,ranchi,955
vishakapatnam,shillong,1858
vishakapatnam,shimla,2176
vishakapatnam,surat,1506
vishakapatnam,trivandrum,1460
vishakapatnam,varanasi,1363
vishakapatnam,vijayawada,818
vishakapatnam,vishakapatnam,0